{"cameraMode":{"drawMode":0,"name":"Shaded","section":"Shading Mode"},"sceneLighting":false,"audioPlay":false,"sceneViewState":{"m_AlwaysRefresh":false,"showFog":true,"showSkybox":false,"showFlares":true,"showImageEffects":true,"showParticleSystems":true,"showVisualEffectGraphs":true,"m_FxEnabled":true},"in2DMode":false,"pivot":{"x":1.4123828411102296,"y":3.5870862007141115,"z":-0.020233547315001489},"rotation":{"x":-0.21998991072177888,"y":-0.7714406847953796,"z":0.3517571687698364,"w":-0.4824664294719696},"size":2.9810385704040529,"orthographic":false}